Id,Name,Latitude,Longitude
1,D200,31.294247596015893,121.37798305482751
2,D300,31.29311201758615,121.58201879406553
3,D400,31.20036189781444,121.66282636997012
4,D500,31.353984634617408,121.12511420142471
5,D600,31.1588936670341,121.08602726839467
6,D700,31.298799913380847,120.9709639212388
7,D800,31.167031912005903,121.75978850706726
8,D900,31.18175956191998,121.35256023926092
9,D1000,31.194899119723758,121.55660031211725
10,D1100,31.328480325548426,121.10144230779252
11,D1200,31.32669410453945,121.74137267537355
12,D1300,31.220914901474583,121.67491644161832
13,D1400,31.283714331569843,121.04148388449764
14,D1500,31.18502936282528,121.77410813918718
15,D1600,31.285604729508208,121.76306290937951
16,D1700,31.23387622237097,121.13650217960297
17,D1800,31.277179695929576,120.91493150421928
18,D1900,31.169204989090556,121.04398125417089
19,D2000,31.259890641707454,121.67197233563769
20,D2100,31.367979833602334,121.1658513413076
21,D2200,31.330424241498797,121.13529272249464
22,D2300,31.234130672123047,121.25446465733252
23,D2400,31.29370921236423,121.1977854562822
24,D2500,31.345899777966515,121.02980105559367
25,D2600,31.24445272589403,121.8350599686385
26,D2700,31.223659319614438,121.09128674810874
27,D2800,31.21355326473199,121.52101176408527
28,D2900,31.381858059607747,121.15805744189176
29,D3000,31.320754206609866,121.78804011164931
30,D3100,31.17469539720513,121.47712169042325
31,D3200,31.31101786102738,121.53774934632364
32,D3300,31.354022052156147,120.97560576481015
33,D3400,31.15245197604672,121.75521872636112
34,D3500,31.206644348271503,121.59575645053283
35,D3600,31.151312883620868,121.57659986783939
36,D3700,31.253728292578273,121.09262290688692
37,D3800,31.240431769340894,121.77906130977482
38,D3900,31.36435805765115,121.22349004379825
39,D4000,31.242660392148622,121.04669187392105
40,D4100,31.194031571962164,120.93171482117005
41,D4200,31.189533941268923,121.20716196857083
42,D4300,31.338538171932907,120.91920806864881
43,D4400,31.333047815552753,121.24090213701376
44,D4500,31.228420006985516,121.05421724525239
45,D4600,31.30066541870708,121.80328868650798
46,D4700,31.371544739851938,120.9419230437433
47,D4800,31.367507284184352,121.12030063929568
48,D4900,31.235259708648943,120.94982199282137
49,D5000,31.220674485725475,121.32174221253314
50,D5100,31.250821627731067,121.37112070837898
51,D5200,31.313329843113394,121.62710871816564
52,D5300,31.37981641601593,121.16811022585375
53,D5400,31.19959104094263,120.9340020540059
54,D5500,31.167422798369206,121.14124941552348
55,D5600,31.164087347327722,121.50358610568779
56,D5700,31.3136706218446,121.07378243804592
57,D5800,31.25648222606467,121.79418188211602
58,D5900,31.222551074227972,121.46130625182647
59,D6000,31.341511321795405,121.74016483734975
60,D6100,31.159571946324814,120.96387176145586
61,D6200,31.34281607354565,121.80512903221488
62,D6300,31.15950088118876,121.74197010910338
63,D6400,31.178747838746798,121.16096234537959
64,D6500,31.353766650837212,121.65495321825988
65,D6600,31.260796999955545,121.71962954274223
66,D6700,31.155175729356387,121.45731980895778
67,D6800,31.20845875564053,121.59312389668814
68,D6900,31.32732675469185,121.03191828635426
69,D7000,31.171290714654813,121.56040267348837
70,D7100,31.19916883770142,120.92515255697386
71,D7200,31.244440159875857,121.70273216783986
72,D7300,31.1799033691819,121.82559469571045
73,D7400,31.278933000985255,120.98688287776805
74,D7500,31.151606482109205,120.93468724983508
75,D7600,31.257334941511836,121.37535233331808
76,D7700,31.154276888457048,121.60413044504143
77,D7800,31.208547704262877,121.05653039447186
78,D7900,31.198719737587798,121.2417275526634
79,D8000,31.20618517668093,121.7111190054071
80,D8100,31.301602831118466,121.20330309245784
81,D8200,31.2464907220884,121.7081397697163
82,D8300,31.232230314530295,121.28163917792328
83,D8400,31.223066423821578,121.54327254393961
84,D8500,31.291982979293984,120.98866030227947
85,D8600,31.163205087949525,121.52421969167582
86,D8700,31.298693692778116,121.74506108069308
87,D8800,31.240730681251698,121.80793852611265
88,D8900,31.157424317776183,120.91754707839853
89,D9000,31.27995765252477,121.17678579354308
90,D9100,31.25341217294536,121.40222561320975
91,D9200,31.37275021966173,120.94116523744535
92,D9300,31.176113082903054,121.18456833697496
93,D9400,31.347844068988255,121.78947936557755
94,D9500,31.36652356689063,121.77906770460096
95,D9600,31.360063180401887,121.01002929507571
96,D9700,31.18532925096521,121.62208300969752
97,D9800,31.30905733345599,121.63128017347343
98,D9900,31.31736540185196,120.9471256076197
99,D10000,31.263201366316167,121.23275025857403
